{
  "A_headline": {
    "gpt-4o": {
      "n_complete": 78,
      "any7_flip": 0.20512820512820512,
      "any7_ci": [
        0.13039795172431515,
        0.30753973134266144
      ],
      "any5_matched_paraphrase": 0.16239316239316237,
      "any5_noise_floor": 0.04,
      "floor_ci": [
        0.01566330388275538,
        0.09837071498472119
      ],
      "per_variant_paraphrase": 0.056300852500624665,
      "per_variant_floor": 0.025
    },
    "gpt-4o-mini": {
      "n_complete": 78,
      "any7_flip": 0.14102564102564102,
      "any7_ci": [
        0.08061044020873692,
        0.2351397826554084
      ],
      "any5_matched_paraphrase": 0.10805860805860805,
      "any5_noise_floor": 0.02,
      "floor_ci": [
        0.0055019675006616475,
        0.07001179131757478
      ],
      "per_variant_paraphrase": 0.03867417741744585,
      "per_variant_floor": 0.0125
    },
    "claude-sonnet": {
      "n_complete": 68,
      "any7_flip": 0.25,
      "any7_ci": [
        0.1623501391377172,
        0.36438552952154035
      ],
      "any5_matched_paraphrase": 0.2058823529411765,
      "any5_noise_floor": 0.011235955056179775,
      "floor_ci": [
        0.0019861832063059193,
        0.06093246274867305
      ],
      "per_variant_paraphrase": 0.08221535366648634,
      "per_variant_floor": 0.008426966292134831
    },
    "claude-haiku": {
      "n_complete": 78,
      "any7_flip": 0.20512820512820512,
      "any7_ci": [
        0.13039795172431515,
        0.30753973134266144
      ],
      "any5_matched_paraphrase": 0.1691086691086691,
      "any5_noise_floor": 0.01020408163265306,
      "floor_ci": [
        0.0018035477368670456,
        0.05555481049427992
      ],
      "per_variant_paraphrase": 0.06207009992379045,
      "per_variant_floor": 0.007653061224489796
    },
    "gemini-flash": {
      "n_complete": 78,
      "any7_flip": 0.1282051282051282,
      "any7_ci": [
        0.0711532259839118,
        0.2201595048396673
      ],
      "any5_matched_paraphrase": 0.11416361416361417,
      "any5_noise_floor": 0.0,
      "floor_ci": [
        0.0,
        0.03699349876899627
      ],
      "per_variant_paraphrase": 0.053447054878289345,
      "per_variant_floor": 0.0
    },
    "llama-8b": {
      "n_complete": 78,
      "any7_flip": 0.05128205128205128,
      "any7_ci": [
        0.020121012334116402,
        0.12456676624606527
      ],
      "any5_matched_paraphrase": 0.0463980463980464,
      "any5_noise_floor": 0.01,
      "floor_ci": [
        0.0017674320446096452,
        0.05448619674900669
      ],
      "per_variant_paraphrase": 0.02195047737404821,
      "per_variant_floor": 0.0075
    }
  },
  "B_resolution": {
    "gpt-4o": {
      "per_variant_paraphrase": 0.056300852500624665,
      "per_variant_control": 0.21333333333333332,
      "any2_control": 0.28,
      "ratio_ctrl_over_para": 3.7891670171595777,
      "passes": true
    },
    "gpt-4o-mini": {
      "per_variant_paraphrase": 0.03867417741744585,
      "per_variant_control": 0.14,
      "any2_control": 0.19333333333333333,
      "ratio_ctrl_over_para": 3.619986496127679,
      "passes": true
    },
    "claude-sonnet": {
      "per_variant_paraphrase": 0.08221535366648634,
      "per_variant_control": 0.3455716586151369,
      "any2_control": 0.5581395348837209,
      "ratio_ctrl_over_para": 4.203249675443568,
      "passes": true
    },
    "claude-haiku": {
      "per_variant_paraphrase": 0.06207009992379045,
      "per_variant_control": 0.3951230425055928,
      "any2_control": 0.6241610738255033,
      "ratio_ctrl_over_para": 6.365754896330506,
      "passes": true
    },
    "gemini-flash": {
      "per_variant_paraphrase": 0.053447054878289345,
      "per_variant_control": 0.19333333333333333,
      "any2_control": 0.31333333333333335,
      "ratio_ctrl_over_para": 3.6172869351472348,
      "passes": true
    },
    "llama-8b": {
      "per_variant_paraphrase": 0.02195047737404821,
      "per_variant_control": 0.023333333333333334,
      "any2_control": 0.04,
      "ratio_ctrl_over_para": 1.0629989013778836,
      "passes": false
    }
  },
  "C_tiers": {
    "gpt-4o": {
      "strict": {
        "flip": 0.20754716981132076,
        "n": 53
      },
      "combined": {
        "flip": 0.20512820512820512,
        "n": 78
      }
    },
    "gpt-4o-mini": {
      "strict": {
        "flip": 0.1320754716981132,
        "n": 53
      },
      "combined": {
        "flip": 0.14102564102564102,
        "n": 78
      }
    },
    "claude-sonnet": {
      "strict": {
        "flip": 0.22727272727272727,
        "n": 44
      },
      "combined": {
        "flip": 0.25,
        "n": 68
      }
    },
    "claude-haiku": {
      "strict": {
        "flip": 0.20754716981132076,
        "n": 53
      },
      "combined": {
        "flip": 0.20512820512820512,
        "n": 78
      }
    },
    "gemini-flash": {
      "strict": {
        "flip": 0.1509433962264151,
        "n": 53
      },
      "combined": {
        "flip": 0.1282051282051282,
        "n": 78
      }
    },
    "llama-8b": {
      "strict": {
        "flip": 0.05660377358490566,
        "n": 53
      },
      "combined": {
        "flip": 0.05128205128205128,
        "n": 78
      }
    }
  },
  "D_salvage": {
    "claude-sonnet": {
      "without_salvage": {
        "flip": 0.25,
        "n": 68
      },
      "with_salvage": {
        "flip": 0.2463768115942029,
        "n": 69
      }
    },
    "claude-haiku": {
      "without_salvage": {
        "flip": 0.20512820512820512,
        "n": 78
      },
      "with_salvage": {
        "flip": 0.20512820512820512,
        "n": 78
      }
    }
  },
  "E_logprob_flip": {
    "gpt-4o": {
      "direct": {
        "flip": 0.20512820512820512,
        "n": 78
      },
      "logprob": {
        "flip": 0.19230769230769232,
        "n": 78
      }
    },
    "gpt-4o-mini": {
      "direct": {
        "flip": 0.14102564102564102,
        "n": 78
      },
      "logprob": {
        "flip": 0.15384615384615385,
        "n": 78
      }
    },
    "llama-8b": {
      "direct": {
        "flip": 0.05128205128205128,
        "n": 78
      },
      "logprob": {
        "flip": 0.0,
        "n": 78
      }
    }
  },
  "F_ksample": {
    "gpt-4o": {
      "n": 100,
      "rho_single_t0": 0.6219969434564269,
      "rho_mean5_t1": 0.6365115999491766,
      "rho_logprob_t0": 0.6672834443373843
    },
    "gpt-4o-mini": {
      "n": 100,
      "rho_single_t0": 0.6586727361722378,
      "rho_mean5_t1": 0.6655253085680304,
      "rho_logprob_t0": 0.6731494871077425
    },
    "claude-sonnet": {
      "n": 86,
      "rho_single_t0": 0.8285202669230537,
      "rho_mean5_t1": 0.8250832539079637,
      "rho_logprob_t0": null
    },
    "claude-haiku": {
      "n": 97,
      "rho_single_t0": 0.6044312994559208,
      "rho_mean5_t1": 0.6067581096609301,
      "rho_logprob_t0": null
    },
    "gemini-flash": {
      "n": 100,
      "rho_single_t0": 0.7337572831463016,
      "rho_mean5_t1": 0.7232615017848002,
      "rho_logprob_t0": null
    },
    "llama-8b": {
      "n": 100,
      "rho_single_t0": 0.12370508605173508,
      "rho_mean5_t1": 0.26283023674334405,
      "rho_logprob_t0": 0.43300911402509945
    }
  },
  "G_reorder": {
    "gpt-4o": {
      "n": 100,
      "mean_delta": 0.17,
      "mean_abs_delta": 0.41,
      "flip_rate": 0.14
    },
    "gpt-4o-mini": {
      "n": 100,
      "mean_delta": -0.07,
      "mean_abs_delta": 0.41,
      "flip_rate": 0.08
    },
    "claude-sonnet": {
      "n": 86,
      "mean_delta": -0.1511627906976744,
      "mean_abs_delta": 0.26744186046511625,
      "flip_rate": 0.06976744186046512
    },
    "claude-haiku": {
      "n": 98,
      "mean_delta": 0.1326530612244898,
      "mean_abs_delta": 0.41836734693877553,
      "flip_rate": 0.10204081632653061
    },
    "gemini-flash": {
      "n": 100,
      "mean_delta": -0.05,
      "mean_abs_delta": 0.29,
      "flip_rate": 0.1
    },
    "llama-8b": {
      "n": 100,